{
  "template_name": "broker_001",
  "price_boxes": [
    {
      "name": "linehaul",
      "text": "1,600.00",
      "left": 0.6165322580645162,
      "top": 0.7591906526075805,
      "width": 0.053629032258064514,
      "height": 0.009404388714733543
    },
    {
      "name": "total",
      "text": "1,600.00",
      "left": 0.6165322580645162,
      "top": 0.7794243374180678,
      "width": 0.05403225806451613,
      "height": 0.008549444286121402
    }
  ],
  "anchors": [
    {
      "text": "Linehaul",
      "left": 0.47258064516129034,
      "top": 0.7603305785123967,
      "width": 0.056451612903225805,
      "height": 0.009404388714733543
    },
    {
      "text": "Rate",
      "left": 0.5346774193548387,
      "top": 0.7597606155599886,
      "width": 0.02903225806451613,
      "height": 0.009404388714733543
    },
    {
      "text": "TOTAL",
      "left": 0.47258064516129034,
      "top": 0.7814192077514962,
      "width": 0.046370967741935484,
      "height": 0.007124536905101168
    }
  ]
}